CORREDOR No;POSICION;GENERO;EDAD;PAIS;TIEMPO
3475;3592;HOMBRE;52;GBR;2174833333
13594;13853;MUJER;40;NY;27255
12012;12256;HOMBRE;31;FRA;2652833333
10236;10457;MUJER;33;MI;25615
9476;9686;HOMBRE;33;NY;25225
1720;1784;HOMBRE;40;NJ;2019666667
15736;16020;MUJER;30;CA;2835666667
10580;10805;HOMBRE;27;GBR;2558833333
11957;12201;HOMBRE;42;NED;26425
18933;19266;HOMBRE;48;COL;3066833333
14956;15229;MUJER;63;GBR;2812666667
14987;15260;HOMBRE;49;ITA;28025
10447;10670;HOMBRE;33;NY;2583333333
10435;10658;HOMBRE;43;NY;2571333333
191;200;HOMBRE;40;GER;1639333333
9962;10178;HOMBRE;33;NY;2536166667
2379;2467;HOMBRE;40;FRA;2062666667
10505;10729;HOMBRE;36;NY;2579333333
11853;12093;HOMBRE;49;SWE;2621333333
12181;12428;MUJER;34;NY;2642166667
2633;2730;HOMBRE;26;DEN;2097333333
11935;12179;HOMBRE;50;NED;26525
20116;20460;HOMBRE;33;NJ;3152333333
23043;23413;HOMBRE;71;FL;4147
19584;19921;MUJER;39;GER;3092666667
11640;11878;MUJER;28;GBR;2612666667
17363;17683;HOMBRE;52;GBR;2953166667
17611;17933;HOMBRE;28;NED;2948333333
9935;10151;HOMBRE;52;CA;25425
8713;8915;HOMBRE;41;BRA;24895
204;213;HOMBRE;35;VA;1645
21293;21647;MUJER;39;NY;3340166667
2624;2721;HOMBRE;48;FRA;2109
14357;14623;HOMBRE;33;NED;2710666667
4583;4715;HOMBRE;35;MA;2264666667
10059;10277;HOMBRE;46;PR;2567166667
12379;12630;HOMBRE;30;NY;2648333333
3633;3751;HOMBRE;42;COL;2191333333
6695;6867;HOMBRE;31;ITA;2377
711;737;HOMBRE;40;COL;1843
10746;10972;HOMBRE;41;NY;25375
12716;12968;HOMBRE;33;NY;2674666667
17454;17775;HOMBRE;37;NY;2896166667
10114;10333;MUJER;25;RSA;2569666667
16764;17068;HOMBRE;39;GBR;2880333333
14424;14690;HOMBRE;34;NY;2774
19915;20253;MUJER;42;NY;3163333333
13047;13301;HOMBRE;44;ITA;2713666667
8626;8827;HOMBRE;45;MA;2480833333
805;836;HOMBRE;30;NY;18645
6955;7132;HOMBRE;33;CA;2372
20135;20479;MUJER;39;CAN;3186333333
23128;23499;HOMBRE;67;GA;4316166667
4833;4969;HOMBRE;35;GBR;2270166667
22111;22469;MUJER;42;NY;3531
15975;16264;MUJER;30;MA;2840166667
22968;23338;MUJER;31;NY;4074333333
9482;9692;HOMBRE;44;FRA;2526333333
15726;16010;HOMBRE;44;MEX;28375
3388;3502;MUJER;38;GBR;2183833333
2504;2596;HOMBRE;27;MEX;2070166667
23231;23603;MUJER;58;NY;4671833333
5755;5909;HOMBRE;36;NY;2314166667
12426;12677;HOMBRE;36;NED;2651333333
488;507;HOMBRE;33;CT;1773666667
16982;17290;HOMBRE;40;NY;2921333333
5918;6077;MUJER;28;NY;2342
12031;12275;MUJER;32;NY;2645
3855;3979;HOMBRE;36;FRA;2213833333
8902;9104;MUJER;23;NY;2473166667
6523;6693;HOMBRE;33;MA;2362333333
6080;6240;HOMBRE;42;NY;2357333333
15601;15883;HOMBRE;41;GBR;28425
5617;5768;MUJER;40;MEX;2323833333
11867;12107;HOMBRE;40;GBR;2651166667
5179;5322;HOMBRE;33;ITA;2304166667
20590;20939;MUJER;25;KOR;3271666667
20343;20690;HOMBRE;27;GBR;32155
12955;13208;HOMBRE;51;MEX;2689666667
10601;10826;MUJER;56;SWE;2585333333
8855;9057;HOMBRE;48;GER;2492666667
20719;21068;HOMBRE;33;NY;3269333333
12715;12967;HOMBRE;51;GER;2681833333
10962;11191;HOMBRE;51;RSA;2569833333
11270;11503;HOMBRE;32;NY;2565
11860;12100;MUJER;32;NY;26385
15203;15480;HOMBRE;69;FRA;2765
18838;19171;HOMBRE;44;ITA;3064166667
6981;7158;MUJER;38;GBR;23955
11141;11372;MUJER;31;GBR;2592
14695;14966;HOMBRE;53;NED;2776833333
4450;4582;HOMBRE;44;MO;2197666667
4675;4808;HOMBRE;44;NY;2272
13346;13602;HOMBRE;51;NM;2722166667
400;417;HOMBRE;33;NY;1753666667
10217;10437;MUJER;41;GBR;2545333333
4993;5131;HOMBRE;33;NY;2267666667
3476;3593;HOMBRE;32;NY;21905
1927;1996;HOMBRE;30;NZL;2046333333
18859;19192;HOMBRE;40;GBR;3052833333
11424;11659;HOMBRE;60;NY;2627666667
6944;7121;HOMBRE;42;LAN;23895
20992;21344;MUJER;65;JPN;3289333333
358;371;HOMBRE;26;GER;1736
16106;16397;MUJER;38;GER;2876333333
22743;23112;HOMBRE;81;ITA;389
4784;4919;HOMBRE;31;NJ;2268
5647;5798;MUJER;33;NY;2293166667
7941;8133;HOMBRE;61;FRA;2443
15924;16212;MUJER;40;NY;2848166667
6091;6251;HOMBRE;32;COL;2345833333
510;532;HOMBRE;66;ESP;1785833333
11198;11430;HOMBRE;59;NY;2626833333
11001;11230;HOMBRE;40;FRA;2592333333
8706;8908;HOMBRE;43;MI;24795
23003;23373;HOMBRE;18;MEX;4083333333
535;558;HOMBRE;60;ITA;1795166667
22810;23180;MUJER;36;GBR;3940833333
9022;9224;HOMBRE;44;NJ;2513666667
1389;1441;HOMBRE;34;MI;1972
5362;5508;HOMBRE;41;CAN;23035
13266;13522;HOMBRE;44;PA;2684166667
4904;5041;HOMBRE;25;NY;2282833333
8486;8685;MUJER;21;FRA;2480333333
495;517;HOMBRE;32;SUI;1777166667
12666;12918;HOMBRE;38;NY;2668333333
17051;17360;HOMBRE;33;NY;2913833333
2519;2613;MUJER;22;OR;2090666667
22508;22873;MUJER;33;TX;36935
20736;21085;HOMBRE;61;FL;3267
11393;11627;HOMBRE;33;NY;2580333333
22565;22932;MUJER;41;LA;3719833333
20645;20994;HOMBRE;45;NY;32595
9649;9862;MUJER;34;CAN;2523666667
16182;16475;HOMBRE;36;GBR;2868166667
493;515;HOMBRE;29;ITA;1776333333
20643;20992;HOMBRE;43;NY;32605
14963;15236;HOMBRE;21;FL;27665
8556;8756;HOMBRE;52;DEN;2469666667
4751;4885;MUJER;41;NY;2250833333
13853;14115;HOMBRE;59;FRA;2739833333
13539;13798;HOMBRE;56;SUI;2719666667
14262;14528;HOMBRE;31;NY;2706666667
1688;1752;HOMBRE;43;NY;20195
13459;13718;MUJER;27;GER;27005
20009;20350;MUJER;28;NJ;3205333333
6444;6613;HOMBRE;54;FRA;2364333333
10527;10752;HOMBRE;38;NJ;258
8526;8725;HOMBRE;31;MA;2474166667
11896;12137;HOMBRE;44;VEN;2649166667
854;885;HOMBRE;40;FRA;1874166667
956;991;HOMBRE;35;FRA;1894666667
23145;23516;HOMBRE;76;NY;4308166667
23094;23464;HOMBRE;51;NY;4268833333
17753;18076;HOMBRE;51;NY;2972
23230;23602;HOMBRE;73;NY;4608
17141;17454;MUJER;53;GA;2892666667
13212;13468;MUJER;29;NED;2710666667
4447;4579;HOMBRE;42;MEX;22305
10115;10334;MUJER;44;NY;2564833333
21284;21638;HOMBRE;43;CA;3322333333
16809;17113;MUJER;33;FL;2903
8510;8709;HOMBRE;47;FRA;2479333333
1525;1583;HOMBRE;53;NJ;1995833333
22073;22431;MUJER;32;GBR;3532166667
22509;22874;MUJER;51;TX;36935
19034;19366;MUJER;34;FRA;3075333333
6555;6725;MUJER;36;NY;2350833333
18172;18501;HOMBRE;40;GBR;2991333333
5076;5215;HOMBRE;48;ITA;2295166667
13184;13440;HOMBRE;31;PER;2713666667
14170;14436;HOMBRE;30;NY;2744333333
9746;9959;HOMBRE;30;COL;25185
11733;11973;HOMBRE;31;GA;2618333333
6656;6828;MUJER;25;NY;2383333333
23143;23514;HOMBRE;38;IRL;4338833333
3849;3972;MUJER;44;GBR;22025
6407;6576;HOMBRE;53;GER;2318
6593;6763;HOMBRE;38;NY;2375333333
8282;8480;MUJER;42;NJ;24495
20669;21018;HOMBRE;70;JPN;3229833333
8622;8823;MUJER;20;MEX;2448833333
5933;6092;HOMBRE;51;NJ;2340166667
13819;14081;HOMBRE;29;MN;2729833333
11619;11857;HOMBRE;31;MN;2596166667
9254;9457;HOMBRE;42;FRA;2517833333
14824;15096;MUJER;33;COL;2800666667
22506;22871;MUJER;32;NY;3706
14304;14570;MUJER;26;DC;2776
14356;14622;HOMBRE;51;FRA;2776833333
9697;9910;HOMBRE;53;NED;2532833333
13837;14099;MUJER;28;NY;2748833333
20516;20863;MUJER;24;NJ;32415
21476;21831;MUJER;42;CA;3417666667
22009;22365;MUJER;34;NY;35025
17221;17535;MUJER;55;TN;2955
8023;8216;MUJER;40;NC;2455166667
17013;17322;HOMBRE;29;GBR;2936666667
18786;19119;HOMBRE;33;GA;30255
14521;14787;MUJER;30;MA;2751
15389;15669;HOMBRE;41;NY;2826
21214;21568;HOMBRE;22;NY;3305666667
8057;8250;HOMBRE;33;DC;24215
253;265;HOMBRE;29;FIN;1681833333
8439;8638;HOMBRE;42;NJ;2447166667
8107;8300;MUJER;32;MA;2462666667
14984;15257;MUJER;20;CA;2788
347;359;HOMBRE;38;FRA;17315
14856;15129;MUJER;30;JPN;2798166667
2971;3077;MUJER;34;NED;2146333333
14637;14906;HOMBRE;35;GBR;2782166667
7947;8139;MUJER;30;NJ;2447666667
12609;12861;MUJER;44;TX;2680666667
13101;13355;HOMBRE;51;FRA;26995
1259;1306;HOMBRE;44;NY;19535
13296;13552;MUJER;43;CA;2724
14312;14578;HOMBRE;49;CAN;2767833333
1544;1603;HOMBRE;42;MA;1982166667
13172;13427;HOMBRE;32;NY;2720166667
18088;18417;MUJER;35;PA;29835
11741;11981;MUJER;38;NY;2626833333
20901;21253;HOMBRE;39;NED;3306166667
12110;12354;MUJER;48;NOR;2654
9335;9541;HOMBRE;36;CT;2533
4648;4781;HOMBRE;56;FRA;22465
17361;17681;MUJER;31;CT;2957166667
16803;17107;MUJER;30;NJ;2910666667
3460;3577;HOMBRE;33;FL;2182833333
17478;17799;HOMBRE;52;FL;2897
6932;7109;HOMBRE;23;GBR;2382333333
10380;10603;HOMBRE;39;NED;2510833333
22333;22694;HOMBRE;49;NY;3665833333
7087;7267;HOMBRE;32;CA;23825
2176;2255;MUJER;32;NY;20715
19716;20054;HOMBRE;29;ITA;3133
19305;19641;HOMBRE;33;ITA;3107166667
6398;6567;HOMBRE;54;GBR;2355333333
12038;12282;HOMBRE;36;FRA;2655
4300;4429;HOMBRE;38;VEN;2247166667
837;868;HOMBRE;40;NY;1869166667
7035;7215;HOMBRE;33;OH;2390666667
18565;18895;MUJER;32;CA;3000166667
13022;13276;HOMBRE;40;DEN;2700333333
623;646;HOMBRE;24;JPN;1819
19271;19607;HOMBRE;41;NJ;30595
23180;23551;MUJER;48;IRL;4398333333
2003;2075;HOMBRE;33;NJ;2052666667
17850;18175;HOMBRE;67;ESP;2966333333
10742;10968;MUJER;22;CA;2587
18260;18589;HOMBRE;5;COL;3026833333
15161;15436;MUJER;40;NY;2811333333
5120;5260;HOMBRE;56;ITA;23005
8987;9189;MUJER;30;NY;2487666667
5134;5276;HOMBRE;26;NY;2278
10474;10698;HOMBRE;53;NY;25815
14177;14443;MUJER;38;NED;27215
7855;8043;HOMBRE;41;FRA;2436
16822;17127;HOMBRE;54;OR;2906166667
18998;19330;HOMBRE;43;NY;3062833333
17059;17368;MUJER;24;NY;28855
991;1028;HOMBRE;34;ITA;1898166667
10860;11088;MUJER;40;FL;2577833333
10593;10818;HOMBRE;27;NY;2592833333
23221;23593;HOMBRE;51;NY;45465
2806;2906;HOMBRE;23;NY;21265
4576;4708;MUJER;43;OH;2234333333
15630;15912;HOMBRE;41;MO;2856166667
13884;14146;HOMBRE;40;MA;2700666667
8782;8984;HOMBRE;47;FRA;2471333333
10116;10335;HOMBRE;21;IRL;2562
7241;7424;MUJER;30;GBR;2394166667
4528;4660;HOMBRE;33;FL;2262333333
22746;23115;MUJER;20;GBR;3874
16932;17239;HOMBRE;55;NY;2930166667
6007;6166;HOMBRE;32;NY;2334833333
9897;10112;MUJER;31;NY;2504333333
20111;20455;MUJER;31;MA;3167
16376;16670;HOMBRE;31;NJ;2888166667
13256;13512;HOMBRE;36;NJ;2724666667
10377;10600;MUJER;36;JPN;2583333333
20137;20481;HOMBRE;72;ARG;3218666667
22695;23063;HOMBRE;41;LA;3829333333
18666;18997;HOMBRE;58;NY;3057333333
13718;13979;HOMBRE;32;GBR;2725666667
13120;13374;MUJER;35;NY;2714
20511;20858;HOMBRE;42;ITA;32135
1943;2012;MUJER;30;NY;2049333333
13451;13710;HOMBRE;33;NY;2728166667
3563;3681;HOMBRE;44;GER;2174666667
17033;17342;MUJER;32;NY;2878666667
17444;17765;HOMBRE;38;NED;29305
2691;2789;HOMBRE;32;PA;21065
3265;3378;HOMBRE;48;CHI;21735
6231;6395;HOMBRE;38;AUS;23075
6766;6940;HOMBRE;31;NJ;2378833333
3910;4034;HOMBRE;32;NY;22115
22578;22945;MUJER;33;NJ;37985
22829;23199;HOMBRE;37;NJ;3982666667
15360;15639;HOMBRE;50;NY;2837833333
1014;1054;HOMBRE;52;PR;19105
16775;17079;MUJER;33;BEL;2903333333
5550;5701;HOMBRE;32;MA;2301
5942;6101;HOMBRE;22;GBR;2333833333
6233;6397;HOMBRE;43;NY;2354833333
19089;19422;HOMBRE;34;GA;3049666667
13834;14096;HOMBRE;46;MEX;2735166667
19636;19973;HOMBRE;34;NY;31575
5817;5974;HOMBRE;49;MEX;2343166667
4517;4649;HOMBRE;31;CAN;2252833333
9747;9960;HOMBRE;58;DEN;2542166667
23149;23520;MUJER;32;GBR;4341833333
6742;6915;HOMBRE;42;VA;23885
5731;5883;HOMBRE;43;ITA;23375
10932;11160;HOMBRE;43;COL;2589166667
11627;11865;HOMBRE;41;CA;2623666667
7895;8087;HOMBRE;30;NJ;24405
18618;18949;HOMBRE;66;GER;3025166667
21125;21478;MUJER;53;FRA;3300666667
22241;22599;HOMBRE;30;TX;35945
19826;20164;MUJER;31;NJ;3160333333
22979;23349;MUJER;31;CA;40455
2452;2543;HOMBRE;33;NY;2087833333
3565;3683;MUJER;30;NY;2195
5192;5335;HOMBRE;33;NY;22935
6552;6722;HOMBRE;24;NY;2305333333
19912;20250;HOMBRE;70;MI;31805
5705;5857;MUJER;27;NY;23345
23090;23460;HOMBRE;62;FL;4230166667
20491;20838;MUJER;21;GBR;3212333333
9544;9757;HOMBRE;46;VEN;2540666667
7568;7753;MUJER;33;MA;2400333333
20973;21325;HOMBRE;46;NY;3342166667
8784;8986;HOMBRE;50;FRA;2472833333
3029;3137;HOMBRE;40;CT;2143666667
14400;14666;HOMBRE;39;GBR;2759166667
19376;19712;MUJER;23;NY;3056333333
17911;18237;HOMBRE;52;ITA;2981833333
1759;1825;HOMBRE;36;FRA;2025333333
13335;13591;MUJER;35;NY;2682333333
2104;2181;HOMBRE;29;WA;2051833333
19588;19925;HOMBRE;29;COL;3125
3521;3638;HOMBRE;53;FRA;2189666667
3443;3559;HOMBRE;44;PA;2186666667
20774;21124;HOMBRE;46;FRA;3256
17786;18111;HOMBRE;54;NY;2952
15923;16211;HOMBRE;41;NY;2844
9204;9407;HOMBRE;47;VEN;2519666667
10297;10520;MUJER;40;NY;2584
8476;8675;HOMBRE;42;GER;2471666667
21197;21551;HOMBRE;37;GBR;3328166667
4329;4458;MUJER;31;COL;2248666667
8416;8615;HOMBRE;50;FRA;2422666667
1702;1766;HOMBRE;35;CHI;2014666667
6966;7143;HOMBRE;50;WA;2390833333
18374;18703;HOMBRE;40;VA;2983333333
15515;15795;HOMBRE;32;DC;2837666667
11573;11810;HOMBRE;62;ITA;2632
19246;19581;HOMBRE;46;FIN;3059
8114;8307;HOMBRE;34;ITA;2445666667
15339;15618;MUJER;30;NY;28225
969;1004;HOMBRE;26;NY;1898833333
5161;5304;HOMBRE;31;CAN;2301333333
19162;19496;HOMBRE;55;NY;3102
21070;21422;HOMBRE;58;ITA;3326833333
5892;6051;MUJER;41;ITA;2343
16603;16905;HOMBRE;47;NED;2852833333
23282;23654;HOMBRE;69;NY;5080833333
17737;18060;HOMBRE;33;GA;29645
4793;4928;HOMBRE;54;COL;2264333333
9378;9586;HOMBRE;53;NC;24685
22207;22565;HOMBRE;50;AZ;3594666667
4318;4447;HOMBRE;46;GER;2244166667
7605;7790;HOMBRE;31;VA;2415666667
13406;13664;HOMBRE;35;SUI;26645
17597;17918;HOMBRE;43;NY;2916166667
6037;6196;HOMBRE;32;TX;2340166667
861;892;MUJER;30;CA;1877333333
21157;21510;MUJER;56;FRA;3332833333
20271;20617;MUJER;21;GBR;3190333333
19547;19884;HOMBRE;41;NY;3133666667
18714;19045;MUJER;33;TX;3053
9778;9991;HOMBRE;30;GBR;2508
2222;2303;HOMBRE;23;NY;2065666667
9260;9463;MUJER;30;COL;25095
12686;12938;HOMBRE;34;NY;2649833333
16292;16586;HOMBRE;39;TX;2880666667
21799;22154;MUJER;32;NY;3507833333
22640;23008;HOMBRE;50;CA;3793
22378;22742;MUJER;31;TX;3634666667
3018;3126;HOMBRE;40;NY;2151333333
9178;9380;HOMBRE;48;NOR;2518333333
21467;21822;HOMBRE;36;CT;3436
7728;7915;HOMBRE;34;MEX;2406833333
21586;21941;HOMBRE;69;SD;33905
17523;17844;HOMBRE;47;PER;2955166667
13894;14156;MUJER;29;DEN;2742333333
14366;14632;MUJER;49;FRA;2777666667
4367;4496;HOMBRE;40;FRA;2248
19024;19356;HOMBRE;60;GER;3024666667
12549;12800;HOMBRE;37;GBR;2657666667
3695;3814;MUJER;36;CT;2205833333
2734;2833;HOMBRE;34;ITA;2121666667
7725;7912;HOMBRE;30;MA;2424
10426;10649;MUJER;33;NY;2589666667
14628;14897;HOMBRE;39;NY;27755
21569;21924;HOMBRE;50;NY;3399833333
9373;9581;HOMBRE;32;NJ;2533166667
16144;16437;MUJER;33;VA;2874666667
20740;21089;HOMBRE;42;NY;3304166667
4243;4370;HOMBRE;48;ESP;2245333333
8386;8585;HOMBRE;61;NJ;24775
796;827;HOMBRE;36;ITA;1863833333
8331;8529;HOMBRE;30;NY;2454
286;298;HOMBRE;33;NY;1696666667
9128;9330;HOMBRE;48;OR;2492
476;495;HOMBRE;46;FRA;1776166667
11496;11732;HOMBRE;51;FRA;2618
21089;21441;HOMBRE;52;NY;3308
4643;4776;HOMBRE;36;NED;22545
20945;21297;MUJER;43;NJ;328
17339;17658;HOMBRE;32;NY;2928666667
11719;11959;MUJER;40;AUT;26295
15579;15860;MUJER;34;CAN;2838
19993;20334;HOMBRE;22;SC;3131666667
13314;13570;MUJER;30;CAN;2702
16212;16506;MUJER;33;NED;2844
13088;13342;MUJER;22;VA;2685166667
21900;22255;MUJER;33;PER;3476333333
354;367;HOMBRE;43;CA;1733666667
19880;20218;MUJER;50;SWE;3165666667
7823;8010;MUJER;41;CAN;24445
12431;12682;HOMBRE;31;NY;2661
2660;2757;HOMBRE;33;ARG;2117
1162;1207;HOMBRE;40;SUI;1932
21405;21759;HOMBRE;30;NJ;3379666667
17216;17530;HOMBRE;52;PA;29045
3917;4041;HOMBRE;39;NY;22135
7275;7458;HOMBRE;33;ITA;23745
18421;18750;MUJER;50;WA;2969166667
4628;4760;HOMBRE;33;NY;2257
15268;15546;HOMBRE;48;GER;2821
3520;3637;MUJER;31;NY;2194333333
18272;18601;HOMBRE;42;NY;2999
3580;3698;HOMBRE;40;SUI;2182333333
20388;20735;MUJER;44;FRA;3214166667
429;446;HOMBRE;55;NOR;1762333333
20903;21255;MUJER;27;NY;3322
23290;23662;MUJER;69;NY;5667833333
17011;17320;HOMBRE;30;GBR;2911666667
16928;17235;HOMBRE;42;NY;2912166667
21153;21506;HOMBRE;50;GBR;3323
9239;9442;HOMBRE;56;NY;2525333333
18143;18472;MUJER;40;NJ;2940166667
323;335;HOMBRE;32;SWE;1715666667
19266;19602;HOMBRE;52;NY;3114833333
21561;21916;MUJER;30;NJ;3404166667
4193;4320;HOMBRE;44;NJ;2243
9493;9704;HOMBRE;35;NY;2523
10649;10874;HOMBRE;31;NY;2569833333
9640;9853;HOMBRE;72;COL;2548333333
12099;12343;HOMBRE;34;NY;2650166667
6038;6197;HOMBRE;58;GBR;2343166667
652;676;HOMBRE;41;MI;1827
22198;22556;MUJER;50;CAN;3598666667
8123;8317;HOMBRE;31;NY;2452833333
3915;4039;HOMBRE;30;NY;2216833333
7508;7693;HOMBRE;57;FRA;2404666667
17691;18014;HOMBRE;35;NED;2949166667
9099;9301;HOMBRE;22;VT;2507166667
15155;15429;HOMBRE;48;NJ;2803666667
19359;19695;MUJER;51;NJ;3122166667
15255;15533;HOMBRE;44;GBR;2790333333
11440;11675;HOMBRE;63;ITA;2621166667
20847;21199;HOMBRE;71;SWE;3311333333
22258;22616;HOMBRE;24;GBR;3616666667
5051;5189;MUJER;41;PER;2289666667
7377;7561;HOMBRE;40;NY;2391333333
11891;12132;HOMBRE;33;NY;2653
15619;15901;MUJER;23;CT;2827666667
21012;21364;HOMBRE;31;CA;3326833333
10535;10760;HOMBRE;43;NY;2585
17870;18195;HOMBRE;32;NY;2983166667
3713;3832;HOMBRE;42;NY;2203
21246;21600;MUJER;33;NY;3323833333
14214;14480;MUJER;36;PA;2773833333
19890;20228;HOMBRE;29;GBR;3167666667
7025;7205;MUJER;30;CA;2394833333
19525;19862;MUJER;46;NY;31375
10442;10665;HOMBRE;22;NJ;2562666667
2418;2509;HOMBRE;22;COL;2075
17943;18270;HOMBRE;31;ME;2993
14860;15133;MUJER;23;NY;2750333333
2346;2433;HOMBRE;44;NJ;2081666667
15163;15439;MUJER;24;NY;2801
6842;7017;HOMBRE;40;FRA;2378666667
8844;9046;HOMBRE;33;CA;2485166667
1234;1281;MUJER;35;NY;19495
4070;4197;HOMBRE;46;ITA;2227833333
10971;11200;HOMBRE;50;NOR;2608333333
3817;3939;HOMBRE;45;NY;2205166667
6619;6791;HOMBRE;50;FRA;2367666667
6591;6761;MUJER;33;NY;2360833333
3228;3340;HOMBRE;32;MA;2147
14754;15026;HOMBRE;30;NY;2783333333
8712;8914;HOMBRE;34;VA;2484
2563;2658;HOMBRE;33;NJ;20875
13597;13856;HOMBRE;40;CA;2723833333
1136;1180;MUJER;36;MN;1933166667
20739;21088;HOMBRE;21;CT;32925
5894;6053;MUJER;43;CT;2343166667
2553;2648;HOMBRE;27;NY;2095666667
17636;17958;HOMBRE;49;WI;2909333333
21323;21677;HOMBRE;22;PA;3388166667
14862;15135;MUJER;21;SC;2750333333
7396;7580;HOMBRE;44;PHI;2401
13294;13550;HOMBRE;56;BRA;2730666667
22351;22712;MUJER;49;CT;3655666667
14880;15153;HOMBRE;31;GBR;2790833333
21052;21404;HOMBRE;50;CA;3298166667
7518;7703;HOMBRE;37;GBR;2418166667
17371;17691;HOMBRE;31;NY;2939666667
2077;2154;HOMBRE;28;NJ;20625
8917;9119;HOMBRE;53;NED;2496833333
2919;3021;HOMBRE;27;COL;21305
17687;18010;MUJER;32;CO;2962833333
18412;18741;MUJER;30;CAN;3014666667
2685;2782;HOMBRE;40;GBR;20995
16031;16320;HOMBRE;33;CT;287
17697;18020;HOMBRE;35;NED;2954166667
1741;1806;HOMBRE;46;FRA;20175
7932;8124;HOMBRE;26;GBR;2434666667
8738;8940;HOMBRE;32;NY;2473833333
4092;4219;HOMBRE;37;MEX;22295
2997;3105;HOMBRE;29;NED;2148666667
17261;17577;MUJER;51;NY;2916166667
3538;3655;HOMBRE;23;CT;2174333333
7446;7631;HOMBRE;35;CAN;2351166667
15198;15475;HOMBRE;42;GBR;2757833333
15263;15541;HOMBRE;43;COL;2812166667
11449;11684;HOMBRE;22;NY;2619
16583;16883;MUJER;23;CT;2896666667
18423;18752;MUJER;33;GER;3014166667
11647;11885;MUJER;29;TX;2643333333
22184;22542;HOMBRE;23;GBR;3558666667
10478;10702;HOMBRE;47;GBR;25615
15091;15365;MUJER;41;NY;2808833333
10921;11149;MUJER;21;VA;2590666667
16165;16458;MUJER;35;NY;2878833333
14539;14805;HOMBRE;30;NY;2721666667
11974;12218;MUJER;31;NY;2640833333
5807;5964;HOMBRE;42;FRA;2326333333
12719;12971;MUJER;31;NY;2684
6685;6857;HOMBRE;46;GBR;237
7788;7975;HOMBRE;30;DC;2432
17527;17848;MUJER;43;NY;2941166667
15668;15951;HOMBRE;33;MA;2837833333
13080;13334;HOMBRE;56;NY;2706333333
19109;19442;MUJER;34;FL;3082666667
3941;4065;HOMBRE;43;ITA;2222
3628;3746;HOMBRE;37;GBR;2199333333
11026;11255;HOMBRE;32;NY;2604833333
5713;5865;HOMBRE;49;ITA;2335666667
17644;17966;HOMBRE;32;NY;2930666667
21258;21612;HOMBRE;34;GBR;3333666667
17577;17898;HOMBRE;63;ITA;2952666667
16512;16810;HOMBRE;40;SUR;2890666667
17666;17988;MUJER;34;VEN;2917
3424;3540;HOMBRE;53;NY;2187833333
16902;17208;HOMBRE;37;LA;2907
4561;4693;HOMBRE;51;MA;22655
22283;22642;MUJER;20;GBR;36185
13565;13824;MUJER;38;GBR;27205
15498;15778;MUJER;38;NJ;2850666667
12190;12438;HOMBRE;37;ITA;2663833333
23162;23533;HOMBRE;70;ITA;4407666667
6495;6665;MUJER;22;GA;23725
1275;1322;HOMBRE;53;NY;1951
12913;13166;HOMBRE;47;CAN;2705
22659;23027;HOMBRE;40;CA;3792166667
17021;17330;MUJER;29;ITA;2884833333
17944;18271;HOMBRE;53;NY;2993
20907;21259;HOMBRE;33;VA;32645
16559;16858;HOMBRE;41;FL;2889666667
7516;7701;HOMBRE;40;GBR;23945
23269;23641;HOMBRE;40;IRL;4915666667
7339;7522;HOMBRE;30;NJ;2417166667
3274;3387;HOMBRE;41;NY;2169166667
4039;4165;HOMBRE;40;RSA;2217833333
4613;4745;HOMBRE;28;ITA;2247
20270;20616;MUJER;31;NY;3173166667
3738;3859;HOMBRE;43;FRA;22065
588;611;HOMBRE;44;FRA;1807833333
21808;22163;MUJER;48;NJ;3491
4681;4814;HOMBRE;37;NY;2253833333
16726;17030;HOMBRE;50;CA;291
3657;3776;HOMBRE;50;ITA;2170833333
17428;17749;HOMBRE;32;NY;2942833333
5204;5347;MUJER;38;GER;2302833333
3946;4070;MUJER;40;FRA;2220333333
20626;20975;HOMBRE;44;CT;325
16790;17094;HOMBRE;50;NJ;29305
18641;18972;HOMBRE;50;GBR;2999166667
11155;11386;MUJER;29;NY;2622
19395;19731;HOMBRE;32;COL;3066
1013;1053;MUJER;42;MN;1909333333
112;116;HOMBRE;43;CO;1575833333
8280;8478;HOMBRE;37;CAN;24495
7546;7731;MUJER;23;MA;2415666667
2267;2351;HOMBRE;46;NY;208
13721;13982;HOMBRE;51;NJ;2680833333
10735;10961;HOMBRE;47;CO;2581166667
9848;10062;HOMBRE;25;GBR;2518333333
3669;3788;HOMBRE;32;NY;22045
11508;11745;MUJER;27;NY;2617
16579;16879;MUJER;27;MEX;2887833333
7478;7663;MUJER;33;FRA;2425166667
17675;17997;HOMBRE;46;FRA;2963333333
19678;20015;MUJER;30;NY;31405
218;228;HOMBRE;33;ESP;1655166667
8616;8817;HOMBRE;22;NY;2479833333
15612;15894;HOMBRE;20;GBR;2840833333
16614;16916;MUJER;33;GBR;2865166667
8395;8594;HOMBRE;41;VT;2464333333
14835;15107;HOMBRE;38;NY;2758333333
19666;20003;HOMBRE;57;ITA;3157666667
603;626;HOMBRE;33;NY;1807
5402;5550;HOMBRE;23;ITA;2311333333
22519;22884;MUJER;30;NY;3702
5401;5549;HOMBRE;31;MA;22915
6369;6537;HOMBRE;41;FRA;2358833333
11239;11471;HOMBRE;31;NY;2597333333
6249;6414;HOMBRE;38;FL;2337833333
4495;4627;HOMBRE;37;GBR;2250833333
9683;9896;HOMBRE;60;GER;2490333333
20944;21296;HOMBRE;46;GBR;33115
10695;10920;HOMBRE;45;GBR;25705
1805;1872;HOMBRE;43;NY;2033833333
21579;21934;MUJER;54;NY;3390666667
11093;11323;HOMBRE;50;CAN;2583333333
11310;11544;HOMBRE;31;NY;2624333333
16447;16741;MUJER;42;NC;2885666667
12820;13073;HOMBRE;42;COL;2676166667
3232;3344;HOMBRE;39;ITA;2165166667
674;699;HOMBRE;31;VEN;1831166667
17358;17678;HOMBRE;40;TX;29465
8697;8899;MUJER;53;AUS;2493833333
19888;20226;HOMBRE;25;GBR;31675
14636;14905;HOMBRE;29;NED;2756166667
13545;13804;HOMBRE;47;FRA;2716333333
2317;2403;HOMBRE;31;NY;2082
17617;17939;MUJER;45;NJ;29385
3455;3571;HOMBRE;37;GBR;21715
675;700;HOMBRE;44;NJ;18345
19982;20323;HOMBRE;45;JPN;31685
7696;7882;HOMBRE;43;GA;24035
8777;8979;HOMBRE;48;NY;2483
9494;9705;HOMBRE;26;MEX;2535666667
4340;4469;HOMBRE;32;VA;2233833333
1147;1192;HOMBRE;28;ITA;1934166667
23057;23427;HOMBRE;32;GBR;4149833333
13736;13997;HOMBRE;28;BRA;2742833333
1630;1689;HOMBRE;42;FRA;20105
18324;18653;HOMBRE;33;NY;3023
8686;8888;MUJER;22;NY;2493166667
14155;14421;MUJER;24;CA;2750666667
11149;11380;MUJER;37;CAN;2558166667
8219;8415;HOMBRE;37;PA;2452
8317;8515;HOMBRE;23;MA;2437666667
23035;23405;MUJER;28;MO;4151333333
7999;8192;MUJER;32;NY;24315
5008;5146;HOMBRE;43;GER;22575
9036;9238;HOMBRE;41;NY;2489
5027;5165;HOMBRE;28;NED;22835
21475;21830;HOMBRE;40;NY;3434833333
2895;2997;MUJER;38;FRA;2139166667
19080;19413;HOMBRE;35;NJ;3052333333
4186;4313;HOMBRE;20;FRA;2240166667
13829;14091;HOMBRE;37;FRA;2712833333
15240;15518;HOMBRE;31;NY;2793166667
13072;13326;HOMBRE;62;NY;26905
4754;4888;HOMBRE;44;SWE;2272166667
19802;20140;HOMBRE;43;NY;31785
1647;1710;HOMBRE;34;NY;2009666667
4742;4876;HOMBRE;38;VEN;2258333333
14059;14324;MUJER;47;NJ;2725
17452;17773;HOMBRE;28;RSA;2954
940;975;HOMBRE;46;GBR;1893333333
21601;21956;HOMBRE;33;ITA;3396833333
14180;14446;HOMBRE;31;NY;27695
19396;19732;HOMBRE;43;ITA;3115666667
18560;18890;HOMBRE;50;NED;3032166667
19849;20187;HOMBRE;52;OH;3153333333
12976;13230;HOMBRE;38;NED;270
2592;2688;HOMBRE;40;NED;2092333333
14727;14999;MUJER;46;NY;2809
11369;11603;HOMBRE;29;NY;2629166667
11227;11459;HOMBRE;31;NY;2610666667
7199;7382;HOMBRE;24;NY;24115
4096;4223;HOMBRE;39;NY;2219833333
13254;13510;HOMBRE;31;NY;2726666667
18740;19071;HOMBRE;51;JPN;2989833333
13113;13367;HOMBRE;41;NY;27175
4437;4568;MUJER;25;NY;2255833333
6854;7030;HOMBRE;39;NJ;23775
645;669;HOMBRE;34;ARG;1827666667
3356;3470;HOMBRE;50;FRA;2179166667
11994;12238;HOMBRE;42;COL;2603166667
11384;11618;HOMBRE;54;FIN;2625833333
20466;20813;MUJER;54;NJ;3253333333
5978;6137;HOMBRE;32;NED;23395
22946;23316;HOMBRE;73;NJ;4007166667
5599;5750;MUJER;30;CA;2307333333
18511;18841;HOMBRE;41;GER;3017166667
21782;22137;HOMBRE;31;NY;3483
1143;1188;HOMBRE;49;NED;19305
7808;7995;HOMBRE;50;TX;2429833333
15654;15937;MUJER;42;NY;2788666667
18348;18677;HOMBRE;55;GER;3004666667
3072;3181;HOMBRE;28;NY;2151
21545;21900;MUJER;40;NY;3417166667
7247;7430;HOMBRE;30;GBR;2397666667
21629;21984;HOMBRE;40;MO;34385
20357;20704;MUJER;36;NY;32305
8059;8252;MUJER;25;NY;2454833333
23157;23528;HOMBRE;35;IRL;4362333333
21602;21957;MUJER;37;NED;3429333333
12928;13181;HOMBRE;40;NY;27135
16714;17017;MUJER;32;NY;2897166667
22000;22356;MUJER;23;NJ;3532666667
23255;23627;HOMBRE;45;GBR;4780166667
4418;4549;HOMBRE;46;BRA;22465
11850;12090;MUJER;31;GBR;2634666667
9359;9567;HOMBRE;32;NY;2511333333
15027;15300;HOMBRE;30;COL;2782833333
16944;17251;MUJER;31;CO;29075
16506;16804;MUJER;22;NY;2882833333
17937;18264;MUJER;44;NY;2999666667
9439;9649;HOMBRE;33;CA;25015
23008;23378;MUJER;32;NY;4115666667
433;451;HOMBRE;41;OR;17605
5282;5427;MUJER;42;GBR;23075
13486;13745;MUJER;31;NY;2732666667
4161;4288;HOMBRE;50;SUI;22315
10518;10743;HOMBRE;39;ITA;25655
999;1036;HOMBRE;42;MI;1904
14942;15215;HOMBRE;48;FRA;2806
8217;8413;HOMBRE;42;TX;2463333333
20557;20905;MUJER;37;SUR;3242166667
17727;18050;HOMBRE;29;GBR;2946
11725;11965;MUJER;30;GER;26235
23055;23425;HOMBRE;62;NY;4169666667
7600;7785;HOMBRE;53;ITA;2426333333
4465;4597;HOMBRE;38;NZL;22445
12418;12669;MUJER;31;NY;2638666667
4252;4380;HOMBRE;41;CA;22355
16235;16529;HOMBRE;33;LUX;2875333333
1667;1730;MUJER;39;WA;20135
20156;20500;HOMBRE;52;PR;3194333333
7863;8051;MUJER;46;NY;24485
9825;10038;HOMBRE;41;NJ;2550333333
7535;7720;HOMBRE;30;ITA;2422833333
3627;3745;HOMBRE;49;LUX;2200166667
21512;21867;MUJER;58;GBR;34065
11089;11319;HOMBRE;33;NED;2591
53;54;HOMBRE;37;COL;1473333333
4105;4232;HOMBRE;27;ITA;2228666667
6208;6372;HOMBRE;31;FL;2356666667
317;329;HOMBRE;34;NY;1712833333
13629;13889;HOMBRE;43;SUI;2715
16464;16759;HOMBRE;52;NY;2855166667
10796;11024;MUJER;43;GBR;25825
21198;21552;MUJER;33;NY;3342166667
11225;11457;HOMBRE;56;GAU;2618333333
16619;16921;MUJER;33;NY;28915
13178;13433;HOMBRE;49;GBR;2699666667
17276;17592;HOMBRE;52;NY;2922333333
7006;7184;MUJER;41;NY;2371833333
14384;14650;MUJER;30;NY;27535
17979;18306;MUJER;31;CA;2980166667
22987;23357;HOMBRE;54;GBR;4111833333
8576;8776;HOMBRE;32;FRA;2486
2084;2161;HOMBRE;34;NY;2055666667
21868;22223;MUJER;33;SUI;3462833333
17178;17492;HOMBRE;51;VEN;2949666667
18644;18975;HOMBRE;35;CA;3051166667
13992;14256;HOMBRE;49;DEN;2718
5359;5505;HOMBRE;36;CAN;2303333333
4224;4351;HOMBRE;45;ITA;2240666667
19957;20296;HOMBRE;30;FL;3165
14337;14603;HOMBRE;44;NED;2746333333
8817;9019;HOMBRE;39;NJ;2482
21839;22194;MUJER;34;CA;3477666667
14690;14961;MUJER;57;SUI;27425
9271;9475;HOMBRE;30;GA;2492833333
20870;21222;HOMBRE;34;NJ;32945
7004;7181;HOMBRE;30;MA;2364333333
19707;20045;MUJER;48;FRA;3131166667
13875;14137;MUJER;41;NY;2740333333
7573;7758;HOMBRE;49;FRA;2404166667
16487;16783;HOMBRE;67;NY;28585
14094;14359;HOMBRE;47;GBR;2753
19763;20101;MUJER;20;PA;31005
14464;14730;MUJER;51;CO;2718166667
21690;22045;HOMBRE;42;NY;3480833333
10506;10731;MUJER;32;NY;2585833333
10420;10643;HOMBRE;41;NJ;2528333333
6861;7038;HOMBRE;40;NY;2386666667
6731;6904;HOMBRE;38;NY;2381666667
1787;1854;HOMBRE;51;DEN;2024333333
2993;3101;HOMBRE;30;CA;2139666667
6009;6168;HOMBRE;40;FRA;23465
1665;1728;HOMBRE;32;CA;2003166667
14386;14652;MUJER;31;NY;2770833333
18731;19062;HOMBRE;22;NY;3025
9380;9588;HOMBRE;44;NED;2535666667
11079;11309;MUJER;38;SUI;2597666667
20663;21012;HOMBRE;24;NY;3227666667
11314;11548;HOMBRE;54;NED;2587166667
20733;21082;HOMBRE;48;NY;3285
10209;10429;HOMBRE;40;TX;2556166667
21036;21388;MUJER;42;GBR;3296833333
3336;3450;HOMBRE;29;NED;2180166667
19250;19585;HOMBRE;32;NY;3097166667
16026;16315;HOMBRE;42;NY;2842333333
5487;5637;HOMBRE;50;GBR;2314166667
22128;22486;HOMBRE;51;FL;3523666667
17086;17397;HOMBRE;35;NY;2912666667
18761;19092;MUJER;34;NY;30345
18540;18870;HOMBRE;46;NED;3032666667
18078;18407;MUJER;30;NY;2935333333
9321;9527;MUJER;26;NY;2520666667
10192;10412;HOMBRE;45;AUT;2544333333
6216;6380;MUJER;27;NY;2359
3252;3365;HOMBRE;28;RSA;2156666667
19255;19590;HOMBRE;40;FRA;30505
385;399;HOMBRE;36;WA;1747666667
17295;17611;HOMBRE;55;CA;2941
12458;12709;HOMBRE;37;ITA;26705
22722;23090;HOMBRE;63;ITA;3851666667
19677;20014;HOMBRE;35;NY;31315
12112;12356;HOMBRE;37;ITA;2648833333
19735;20073;HOMBRE;32;NY;312
420;437;HOMBRE;30;GBR;1757666667
3064;3173;HOMBRE;42;NY;2151
19517;19854;MUJER;36;NY;31255
6645;6817;HOMBRE;42;MEX;23825
19857;20195;MUJER;31;NC;3159666667
1190;1236;HOMBRE;36;MA;1936833333
3257;3370;MUJER;23;NY;2174833333
14766;15038;HOMBRE;50;CA;2793166667
8804;9006;HOMBRE;21;NJ;24855
3776;3897;MUJER;22;TN;2187166667
3857;3981;MUJER;28;COL;22185
14618;14886;MUJER;45;BER;2776333333
7850;8038;HOMBRE;48;NED;2434333333
21836;22191;HOMBRE;62;CA;3473166667
10348;10571;HOMBRE;41;NJ;2580166667
14648;14918;HOMBRE;34;WI;27905
14684;14955;HOMBRE;41;VA;2769
750;779;HOMBRE;26;AUS;1842
4330;4459;HOMBRE;28;GBR;2245833333
6491;6661;HOMBRE;50;NED;2360166667
2238;2319;HOMBRE;61;VEN;2071666667
13742;14003;HOMBRE;43;ITA;2752666667
18037;18364;MUJER;35;MA;2972
9587;9800;MUJER;26;HI;25445
8250;8447;MUJER;31;NC;2446
11910;12152;HOMBRE;33;NY;2653166667
4472;4604;HOMBRE;45;ITA;2253333333
9713;9926;HOMBRE;32;GA;2536333333
582;605;HOMBRE;57;PAR;18075
9520;9733;HOMBRE;54;FRA;2514333333
1188;1234;HOMBRE;51;NY;1940666667
14501;14767;HOMBRE;52;FRA;2738666667
7493;7678;HOMBRE;53;NJ;2409
17047;17356;HOMBRE;36;GBR;2901333333
22798;23168;MUJER;56;FRA;390
16339;16633;MUJER;30;NY;2830833333
7424;7609;HOMBRE;36;NOR;2392666667
3428;3544;HOMBRE;29;NED;2182666667
18655;18986;MUJER;31;CA;3044
1057;1098;HOMBRE;47;JPN;1911333333
4976;5114;HOMBRE;42;FRA;2267333333
3562;3680;HOMBRE;33;NY;2197833333
5737;5890;MUJER;43;CA;2339166667
19745;20083;HOMBRE;52;FRA;31535
10335;10558;HOMBRE;55;NY;2584
408;425;MUJER;26;NY;1755333333
18650;18981;MUJER;22;MEX;3048333333
1619;1678;HOMBRE;39;FRA;20055
18505;18835;HOMBRE;30;TN;2985833333
2825;2926;HOMBRE;32;NY;21305
8829;9031;HOMBRE;34;NY;24795
20872;21224;HOMBRE;43;NY;3289333333
15821;16108;MUJER;44;GER;2836333333
1355;1407;HOMBRE;44;NY;1952833333
17804;18129;HOMBRE;34;NED;2975666667
3889;4013;MUJER;32;NY;2219166667
9328;9534;HOMBRE;41;GER;2509166667
13393;13651;HOMBRE;67;NJ;2708
6660;6832;HOMBRE;41;NY;2369833333
21100;21452;MUJER;27;NY;3293333333
10339;10562;HOMBRE;44;NY;2565833333
10794;11022;MUJER;41;MA;25755
23250;23622;HOMBRE;33;NY;4753666667
10982;11211;HOMBRE;55;NY;2586666667
14334;14600;MUJER;50;GBR;2726666667
18367;18696;MUJER;44;FRA;2998
8816;9018;HOMBRE;31;FRA;2477666667
8688;8890;MUJER;23;CT;2494833333
22585;22953;HOMBRE;49;NM;37425
11826;12066;HOMBRE;50;GER;2645833333
16756;17060;MUJER;42;NY;285
5022;5160;HOMBRE;21;NOR;2284666667
5999;6158;HOMBRE;33;ESP;2329
4690;4823;HOMBRE;64;JPN;2274166667
3871;3995;MUJER;30;NY;2215166667
13306;13562;HOMBRE;30;GBR;2699166667
20875;21227;HOMBRE;29;GBR;3282333333
21566;21921;MUJER;35;NY;3441
7216;7399;MUJER;23;MA;2409333333
3651;3769;HOMBRE;41;FRA;2199
962;997;HOMBRE;37;FRA;1896833333
15375;15654;MUJER;42;GBR;2817833333
927;961;HOMBRE;49;GBR;1891
16361;16655;HOMBRE;65;CA;2871
4089;4216;HOMBRE;24;NY;22135
22016;22372;HOMBRE;43;NY;3513166667
11395;11629;HOMBRE;31;NY;2594333333
17590;17911;HOMBRE;52;DC;2978666667
5937;6096;MUJER;42;NJ;2350333333
836;867;HOMBRE;53;AUT;1867833333
21383;21737;HOMBRE;40;NY;33675
1992;2063;HOMBRE;34;CT;20535
2194;2273;HOMBRE;34;CA;2063333333
18434;18763;HOMBRE;50;PER;301
18464;18793;MUJER;33;NY;2982333333
18087;18416;MUJER;32;NY;2966333333
20980;21332;HOMBRE;41;PER;3335833333
14217;14483;MUJER;62;NY;2776833333
14681;14952;MUJER;24;TX;27815
13679;13939;MUJER;60;NY;27465
13618;13878;MUJER;47;GER;2707
8716;8918;HOMBRE;51;MN;24855
4951;5088;HOMBRE;41;CT;2281333333
4853;4989;MUJER;22;NY;2274
15103;15377;MUJER;33;COL;2765666667
4287;4416;HOMBRE;48;NJ;2229833333
13141;13395;HOMBRE;54;NY;2696333333
9369;9577;MUJER;34;NY;2503
7856;8044;HOMBRE;52;COL;2425166667
2264;2348;HOMBRE;41;FRA;20765
456;475;HOMBRE;35;AUT;1770833333
18494;18824;MUJER;34;NH;3002666667
20591;20940;MUJER;41;TX;32675
11493;11729;HOMBRE;32;CA;2578833333
8348;8546;MUJER;32;NY;2451833333
17924;18250;HOMBRE;60;GER;2987666667
11500;11736;MUJER;27;NY;2617666667
2877;2979;MUJER;32;NJ;2137666667
1405;1457;HOMBRE;40;NY;1978833333
21916;22271;MUJER;55;CT;34985
9570;9783;HOMBRE;42;OR;2539833333
14234;14500;HOMBRE;48;SUI;2725
100;104;HOMBRE;27;NJ;156
7027;7207;HOMBRE;25;NY;2398
4654;4787;MUJER;30;CAN;2253
17430;17751;HOMBRE;36;TX;2924833333
22163;22521;MUJER;42;CA;3535666667
11981;12225;HOMBRE;30;GBR;2641166667
15236;15514;HOMBRE;40;NY;2814
20863;21215;HOMBRE;53;MA;3317
6238;6402;HOMBRE;35;ITA;2358
22642;23010;HOMBRE;69;MI;37665
15733;16017;HOMBRE;24;NY;2843166667
22691;23059;HOMBRE;51;CT;3806833333
20188;20532;HOMBRE;29;NY;3168166667
13477;13736;MUJER;33;CT;273
9151;9353;HOMBRE;30;NY;2515833333
2200;2279;HOMBRE;21;NJ;2061333333
17945;18272;HOMBRE;43;FL;2984
13982;14246;HOMBRE;31;NY;27555
13403;13661;HOMBRE;39;FRA;2702833333
1595;1654;HOMBRE;35;ESP;20055
15869;16157;HOMBRE;31;ITA;28525
20530;20877;HOMBRE;29;SUI;3246666667
13981;14245;HOMBRE;40;MA;2737
13190;13446;MUJER;37;IN;2676333333
1038;1079;HOMBRE;40;NED;1913166667
13752;14013;HOMBRE;49;ITA;2730333333
23273;23645;MUJER;46;NY;50155
15901;16189;MUJER;51;TN;28535
14889;15162;MUJER;50;GER;2781166667
11547;11784;MUJER;40;NY;2633833333
4079;4206;HOMBRE;27;CAN;2233333333
15972;16261;HOMBRE;61;FRA;2858833333
1090;1131;HOMBRE;37;GBR;1919166667
16419;16713;MUJER;53;IRL;2890166667
13977;14241;MUJER;21;NY;27605
8527;8726;HOMBRE;55;GER;2409666667
